{"final_r2":-0.004951044649412983,"epoch":49,"gradient_norm":0.11149503399497866,"r2_score":-0.004951044649412983,"_timestamp":1.7715972157613187e+09,"train_loss":11.649153756357583,"final_train_loss":11.649153756357583,"_runtime":0,"overfitting_gap":-0.02628885232504352,"convergence_epoch":49,"best_val_loss":11.675442608682626,"weight_norm":0.3016768589378119,"_step":50,"final_val_loss":11.675442608682626,"val_loss":11.675442608682626,"_wandb":{"runtime":0}}