{"convergence_epoch":49,"weight_norm":1.0219436624027343,"final_val_loss":11.601543951833133,"_step":50,"r2_score":0.02134082411385907,"overfitting_gap":0.05581861552576761,"_timestamp":1.7715972217253256e+09,"epoch":49,"best_val_loss":11.601543951833133,"_wandb":{"runtime":0},"train_loss":11.6573625673589,"gradient_norm":0.11615339109332147,"final_train_loss":11.6573625673589,"_runtime":0,"final_r2":0.02134082411385907,"val_loss":11.601543951833133}