{"r2_score":0.010910583490289727,"convergence_epoch":4,"_timestamp":1.7715972098645096e+09,"gradient_norm":0.18171189580903654,"epoch":49,"_runtime":0,"weight_norm":1.9745332401074558,"final_train_loss":212.2488845957836,"final_r2":0.010910583490289727,"train_loss":212.2488845957836,"overfitting_gap":1.7975767663265003,"_step":50,"final_val_loss":210.4513078294571,"best_val_loss":208.0764034796704,"val_loss":210.4513078294571,"_wandb":{"runtime":0}}