{"epoch":49,"val_loss":211.03395399836648,"overfitting_gap":1.213827579048882,"_step":50,"r2_score":0.008172234343487572,"_runtime":0,"weight_norm":1.952073031668513,"gradient_norm":0.17880090684451336,"final_r2":0.008172234343487572,"_wandb":{"runtime":0},"final_val_loss":211.03395399836648,"_timestamp":1.771597203935337e+09,"final_train_loss":212.24778157741537,"best_val_loss":211.03282347389825,"train_loss":212.24778157741537,"convergence_epoch":46}