{"_timestamp":1.7715971683582203e+09,"_wandb":{"runtime":0},"final_train_loss":212.89806396735491,"r2_score":0.006068703981080614,"_runtime":0,"epoch":99,"overfitting_gap":1.4165359595629923,"best_val_loss":211.48152800779192,"final_val_loss":211.48152800779192,"val_loss":211.48152800779192,"gradient_norm":0.786186862165044,"final_r2":0.006068703981080614,"convergence_epoch":99,"_step":100,"weight_norm":1.3332044008969128,"train_loss":212.89806396735491}