{"_timestamp":1.7715971055341642e+09,"val_loss":214.19646368764523,"_wandb":{"runtime":0},"train_loss":216.21649289410627,"best_val_loss":214.19646368764523,"final_train_loss":216.21649289410627,"r2_score":-0.006691084376345913,"_step":100,"final_r2":-0.006691084376345913,"weight_norm":0.20436070796445394,"final_val_loss":214.19646368764523,"overfitting_gap":2.0200292064610323,"epoch":99,"convergence_epoch":99,"gradient_norm":1.9099352265377108,"_runtime":0}