{"_wandb":{"runtime":0},"final_r2":0.002099353182183683,"final_train_loss":214.0490939329983,"r2_score":0.002099353182183683,"epoch":49,"weight_norm":0.8248136257983925,"best_val_loss":212.3260978241484,"_timestamp":1.771597177801115e+09,"overfitting_gap":1.722996108849884,"train_loss":214.0490939329983,"val_loss":212.3260978241484,"final_val_loss":212.3260978241484,"gradient_norm":1.2903280926027567,"_step":50,"_runtime":0,"convergence_epoch":49}