{"_runtime":0,"weight_norm":1.3350714679177718,"overfitting_gap":1.4770110905978129,"_wandb":{"runtime":0},"best_val_loss":211.41812496634054,"val_loss":211.41812496634054,"final_val_loss":211.41812496634054,"r2_score":0.0063666887164613994,"epoch":99,"_timestamp":1.771597171746991e+09,"train_loss":212.89513605693836,"final_r2":0.0063666887164613994,"gradient_norm":0.784463044390843,"convergence_epoch":99,"_step":100,"final_train_loss":212.89513605693836}