{"gradient_norm":1.330295964225207,"convergence_epoch":27,"overfitting_gap":5.948688024671469,"train_loss":214.13654796208252,"_step":50,"r2_score":0.021548447317005337,"final_r2":0.021548447317005337,"best_val_loss":208.07462339690719,"_wandb":{"runtime":0},"epoch":49,"weight_norm":1.1493885580737766,"final_train_loss":214.13654796208252,"final_val_loss":208.18785993741105,"val_loss":208.18785993741105,"_runtime":0,"_timestamp":1.771597185722706e+09}