{"gradient_norm":0.12115397410837536,"final_r2":-0.007873604161640069,"_wandb":{"runtime":0},"weight_norm":0.13443186069907637,"r2_score":-0.007873604161640069,"val_loss":11.689491579032698,"train_loss":11.669480828386456,"final_val_loss":11.689491579032698,"convergence_epoch":99,"_timestamp":1.7715971644945667e+09,"_runtime":0,"overfitting_gap":-0.02001075064624125,"best_val_loss":11.689491579032698,"epoch":99,"final_train_loss":11.669480828386456,"_step":100}