{"epoch":49,"_wandb":{"runtime":0},"_runtime":0,"_step":50,"gradient_norm":0.1253262152467095,"best_val_loss":11.694596533833728,"convergence_epoch":49,"train_loss":11.677860437292589,"final_train_loss":11.677860437292589,"r2_score":-0.009016757259729946,"weight_norm":0.07347465644139986,"final_r2":-0.009016757259729946,"final_val_loss":11.694596533833728,"_timestamp":1.7715971918472483e+09,"val_loss":11.694596533833728,"overfitting_gap":-0.01673609654113939}