{"convergence_epoch":99,"epoch":99,"best_val_loss":211.41812496634054,"final_train_loss":212.89513605693836,"train_loss":212.89513605693836,"_runtime":0,"val_loss":211.41812496634054,"final_val_loss":211.41812496634054,"final_r2":0.0063666887164613994,"_step":100,"_timestamp":1.7715971612541015e+09,"overfitting_gap":1.4770110905978129,"weight_norm":1.3350714679177718,"gradient_norm":0.784463044390843,"_wandb":{"runtime":0},"r2_score":0.0063666887164613994}