{"final_train_loss":11.686692758142918,"r2_score":0.02097614529381986,"_step":50,"best_val_loss":11.610306939186211,"weight_norm":1.0464435527445997,"val_loss":11.610306939186211,"_wandb":{"runtime":0},"_timestamp":1.7715971977789614e+09,"train_loss":11.686692758142918,"final_val_loss":11.610306939186211,"gradient_norm":0.12071719066687057,"_runtime":0,"final_r2":0.02097614529381986,"convergence_epoch":49,"overfitting_gap":0.07638581895670704,"epoch":49}